<?xml version="1.0" encoding="UTF-8"?>
<project-private xmlns="http://www.netbeans.org/ns/project-private/1">
    <editor-bookmarks xmlns="http://www.netbeans.org/ns/editor-bookmarks/2" lastBookmarkId="0"/>
    <open-files xmlns="http://www.netbeans.org/ns/projectui-open-files/2">
        <group>
            <file>file:/C:/Users/Iron%20Man/Downloads/Terminal%20Assessment/src/employeeApplication.java</file>
            <file>file:/C:/Users/Iron%20Man/Downloads/Terminal%20Assessment/src/employeeDetails.java</file>
            <file>file:/C:/Users/Iron%20Man/Downloads/Terminal%20Assessment/src/leaveForm.java</file>
            <file>file:/C:/Users/Iron%20Man/Downloads/Terminal%20Assessment/src/payrollDetails.java</file>
            <file>file:/C:/Users/Iron%20Man/Downloads/Terminal%20Assessment/src/deductions.java</file>
        </group>
    </open-files>
</project-private>
