Employee #,Username,Password
10001,Crisostomo-J,Motorphemployee1
10002,Mata-C,Motorphemployee2
10003,SanJose-B,Motorphemployee3
10004,Salcedo-A,Motorphemployee4
10005,Romualdez-A,Motorphemployee5
10006,Atienza-R,Motorphemployee6
10007,Farala-M,Motorphemployee7
10008,Martinez-L,Motorphemployee8
10009,SanJose-A,Motorphemployee9
10010,Rosario-C,Motorphemployee10
10011,Lopez-J,Motorphemployee11
10012,DeLeon-S,Motorphemployee12
10013,Romualdez-F,Motorphemployee13
10014,Bautista-M,Motorphemployee14
10015,Lazaro-D,Motorphemployee15
10016,DelosSantos-K,Motorphemployee16
10017,Santos-V,Motorphemployee17
10018,DelRosario-T,Motorphemployee18
10019,Tolentino-J,Motorphemployee19
10020,Gutierrez-P,Motorphemployee20
10021,Manalaysay-G,Motorphemployee21
10022,Villegas-L,Motorphemployee22
10023,Ramos-C,Motorphemployee23
10024,Maceda-E,Motorphemployee24
10025,Aguilar-D,Motorphemployee25
