Employee #,Last Name,First Name,Birthday,Address,Phone Number,SSS #,Philhealth #,TIN #,Pag-ibig #,Status,Position,Immediate Supervisor,Basic Salary,Rice Subsidy,Phone Allowance,Clothing Allowance,Gross Semi-monthly Rate,Hourly Rate
10001,Crisostomo,Jose,14-Feb-88,"17/85 Stracke Via Suite 042, Poblacion, Las Pi�as 4783 Dinagat Islands ",918-621-603,49-1632020-8,3.82E+11,317-674-022-000,4.41E+11,Regular,HR Manager,N/A,"62,670","1,500","1,000","1,000","31,335",373.04
10002,Mata,Christian,21-Oct-87,"90 O'Keefe Spur Apt. 379, Catigbian 2772 Sulu ",783-776-744,49-2959312-6,8.24E+11,103-100-522-000,6.31E+11,Regular,Account Team Leader,"Romualdez, Fredrick","42,975","1,500",800,800,"21,488",255.8
10003,San Jose,Brad ,15-Mar-96,"99 Strosin Hills, Poblacion, Bislig 5340 Tawi-Tawi",797-009-261,40-2400714-1,2.39E+11,672-474-690-000,2.11E+11,Regular,HR Team Leader,"Crisostomo, Jose","42,975","1,500",800,800,"21,488",255.8
10004,Salcedo,Anthony,14-Sep-93,"93/54 Shanahan Alley Apt. 183, Santo Tomas 1572 Masbate",070-766-300,26-9647608-3,1.26E+11,210-805-911-000,2.18E+11,Regular,Payroll Manager,"Crisostomo, Jose","60,825","1,500","1,000","1,000","30,413",362.05
10005,Romualdez,Alice,14-May-92,"12A/33 Upton Isle Apt. 420, Roxas City 1814 Surigao del Norte ",983-606-799,55-4476527-2,5.46E+11,888-572-294-000,2.11E+11,Regular,HR Rank and File,"San Jose, Brad","22,500","1,500",500,500,"11,250",133.93
10006,Atienza,Rosie ,24-Sep-48,"90A Dibbert Terrace Apt. 190, San Lorenzo 6056 Davao del Norte",266-036-427,41-0644692-3,7.09E+11,604-997-793-000,2.60E+11,Regular,HR Rank and File,"San Jose, Brad","22,500","1,500",500,500,"11,250",133.93
10007,Farala,Martha,11-Jan-42,"42/25 Sawayn Stream, Ubay 1208 Zamboanga del Norte ",329-034-366,45-5656375-0,2.34E+11,210-835-851-000,6.31E+11,Regular,Payroll Rank and File,"Farala, Martha","24,000","1,500",500,500,"12,000",142.86
10008,Martinez,Leila,11-Jul-70,"37/46 Kulas Roads, Maragondon 0962 Quirino ",877-110-749,27-2090996-4,5.16E+11,275-792-513-000,1.01E+11,Regular,Payroll Rank and File,"Farala, Martha","24,000","1,500",500,500,"12,000",142.86
10009,San Jose,Allison ,24-Jun-86,"08 Grant Drive Suite 406, Poblacion, Iloilo City 9186 La Union",179-075-129,45-3251383-0,7.45E+11,121-203-336-000,1.15E+11,Regular,Account Rank and File,"Mata, Christian","22,500","1,500",500,500,"11,250",133.93
10010,Rosario,Cydney ,6-Oct-96,"93A/21 Berge Points, Tapaz 2180 Quezon",868-819-912,49-1629900-2,5.79E+11,122-244-511-000,2.65E+11,Regular,Account Rank and File,"Mata, Christian","22,500","1,500",500,500,"11,250",133.93
10011,Lopez,Josie ,14-Jan-37,"49 Springs Apt. 266, Poblacion, Taguig 3200 Occidental Mindoro",478-355-427,44-8563448-3,4.32E+11,218-489-737-000,1.13E+11,Regular,Payroll Team Leader,"Salcedo, Anthony","38,475","1,500",800,800,"19,238",229.02
10012,De Leon,Selena ,20-Feb-45,"89A Armstrong Trace, Compostela 7874 Maguindanao",975-432-139,27-2090208-8,5.87E+11,482-259-498-000,7.19E+11,Regular,Account Team Leader,"Romualdez, Fredrick","41,850","1,500",800,800,"20,925",249.11
10013,Romualdez,Fredrick ,10-Mar-85,"22A/52 Lubowitz Meadows, Pililla 4895 Zambales",023-079-009,26-8768374-1,3.08E+11,598-065-761-000,2.23E+11,Regular,Account Manager,"Crisostomo, Jose","63,500","1,500","1,000","1,000","31,750",377.98
10014,Bautista,Mark ,12-Feb-61,"65 Murphy Center Suite 094, Poblacion, Palayan 5636 Quirino",683-725-348,49-1647342-5,4.00E+11,273-970-941-000,2.60E+11,Regular,Account Rank and File,"Mata, Christian","23,250","1,500",500,500,"11,625",138.39
10015,Lazaro,Darlene ,25-Nov-85,"47A/94 Larkin Plaza Apt. 179, Poblacion, Caloocan 2751 Quirino",740-721-558,45-5617168-2,6.06E+11,354-650-951-000,1.05E+11,Probationary,Account Rank and File,"Mata, Christian","23,250",0,0,0,"11,625",138.39
10016,Delos Santos,Kolby ,26-Feb-80,"06A Gulgowski Extensions, Bongabon 6085 Zamboanga del Sur",739-443-033,52-0109570-6,3.57E+11,187-500-345-000,1.13E+11,Probationary,Account Rank and File,"Mata, Christian","24,000",0,0,0,"12,000",142.86
10017,Santos,Vella ,31-Dec-83,"99A Padberg Spring, Poblacion, Mabalacat 3959 Lanao del Sur",955-879-269,52-9883524-3,5.49E+11,101-558-994-000,3.60E+11,Probationary,Account Rank and File,"Mata, Christian","22,500",0,0,0,"11,250",133.93
10018,Del Rosario,Tomas,18-Dec-78,"80A/48 Ledner Ridges, Poblacion, Kabankalan 8870 Marinduque",882-550-989,45-5866331-6,9.54E+11,560-735-732-000,9.13E+11,Probationary,Account Rank and File,"Mata, Christian","22,500",0,0,0,"11,250",133.93
10019,Tolentino,Jacklyn ,19-May-44,"96/48 Watsica Flats Suite 734, Poblacion, Malolos 1844 Ifugao",675-757-366,47-1692793-0,7.54E+11,841-177-857-000,2.11E+11,Probationary,Account Rank and File,"De Leon, Selena","24,000",0,0,0,"12,000",142.86
10020,Gutierrez,Percival ,18-Dec-70,"58A Wilderman Walks, Poblacion, Digos 5822 Davao del Sur",512-899-876,40-9504657-8,7.98E+11,502-995-671-000,2.11E+11,Probationary,Account Rank and File,"De Leon, Selena","24,750",0,0,0,"12,375",147.32
10021,Manalaysay,Garfield ,28-Aug-66,"60 Goyette Valley Suite 219, Poblacion, Tabuk 3159 Lanao del Sur",948-628-136,45-3298166-4,8.11E+11,336-676-445-000,2.11E+11,Probationary,Account Rank and File,"De Leon, Selena","24,750",0,0,0,"12,375",147.32
10022,Villegas,Lizeth ,12-Dec-81,"66/77 Mann Views, Luisiana 1263 Dinagat Islands",332-372-215,40-2400719-4,9.34E+11,210-395-397-000,1.22E+11,Probationary,Account Rank and File,"De Leon, Selena","24,000",0,0,0,"12,000",142.86
10023,Ramos,Carol ,20-Aug-78,"72/70 Stamm Spurs, Bustos 4550 Iloilo",250-700-389,60-1152206-4,3.52E+11,395-032-717-000,2.12E+11,Probationary,Account Rank and File,"De Leon, Selena","22,500",0,0,0,"11,250",133.93
10024,Maceda,Emelia ,14-Apr-63,"50A/83 Bahringer Oval Suite 145, Kiamba 7688 Nueva Ecija",973-358-041,54-1331005-0,4.65E+11,215-973-013-000,5.15E+11,Probationary,Account Rank and File,"De Leon, Selena","22,500",0,0,0,"11,250",133.93
10025,Aguilar,Delia ,27-Jan-39,"95 Cremin Junction, Surallah 2809 Cotabato",529-705-439,52-1859253-1,1.36E+11,599-312-588-000,1.10E+11,Probationary,Account Rank and File,"De Leon, Selena","22,500",0,0,0,"11,250",133.93
