<?xml version="1.0" encoding="UTF-8"?>
<project-private xmlns="http://www.netbeans.org/ns/project-private/1">
    <editor-bookmarks xmlns="http://www.netbeans.org/ns/editor-bookmarks/2" lastBookmarkId="0"/>
    <open-files xmlns="http://www.netbeans.org/ns/projectui-open-files/2">
        <group>
            <file>file:/C:/Users/ppagd/Documents/NetBeansProjects/Object-Oriented%20Programming%20Milestone%202/src/RequestHandling.java</file>
            <file>file:/C:/Users/ppagd/Documents/NetBeansProjects/Object-Oriented%20Programming%20Milestone%202/src/OvertimePage.java</file>
            <file>file:/C:/Users/ppagd/Documents/NetBeansProjects/Object-Oriented%20Programming%20Milestone%202/src/LeavePage.java</file>
        </group>
    </open-files>
</project-private>
