"10012","De Leon","Selena","5","10","5"
"10013","Romualdez","Fredrick","5","10","5"
"10014","Bautista","Mark","5","10","5"
"10015","Lazaro","Darlene","5","10","5"
"10016","Delos Santos","Kolby","5","10","5"
"10017","Santos","Vella","5","10","5"
"10018","Del Rosario","Tomas","5","10","5"
"10019","Tolentino","Jacklyn","5","10","5"
"10020","Gutierrez","Percival","3","10","5"
"10021","Manalaysay","Garfield","5","10","5"
"10022","Villegas","Lizeth","5","10","5"
"10023","Ramos","Carol","5","10","5"
"10024","Maceda","Emelia","5","10","5"
"10025","Aguilar","Delia","5","10","5"
"871000","Gernale","Giann","3","10","5"
