"Employee ID","Last Name","First Name","Leave type","SOL","EOL","Status"
"10001","Crisostomo","Jose","Vacation","06-01-2023","06-03-2023","Approved"
"10001","Crisostomo","Jose","Vacation","06-01-2023","06-03-2023","Approved"
"10001","Crisostomo","Jose","Sick","06-01-2023","06-02-2023","Declined"
"10001","Crisostomo","Jose","Sick","06-01-2023","06-02-2023","Approved"
"10002","Mata","Christian","Emergency","06-01-2023","06-03-2023","Declined"
"10002","Mata","Christian","Vacation","06-01-2023","06-03-2023","Declined"
"10003","San Jose","Brad ","Sick","06-01-2023","06-02-2023","Declined"
"10003","San Jose","Brad ","Sick","06-01-2023","06-02-2023","Approved"
"10008","Martinez","Leila","Emergency","06-01-2023","06-03-2023","Declined"
"10008","Martinez","Leila","Emergency","06-01-2023","06-02-2023","Declined"
"10001","Crisostomo","Jose","Emergency","06-01-2023","06-03-2023","Declined"
"10001","Crisostomo","Jose","Vacation","06-01-2023","06-01-2023","Approved"
"871000","Gernale","Giann","Sick","03-01-2024","03-02-2024","Approved"
"871000","Gernale","Giann","Sick","03-01-2024","03-02-2024","Declined"
