Employee ID,Username,Password,Position
10001,e.mgarcia@motor.ph,10001,Chief Executive Officer
10002,e.alim@motor.ph,10002,Chief Operating Officer
10003,e.baquino@motor.ph,10003,Chief Finance Officer
10004,e.ireyes@motor.ph,10004,Chief Marketing Officer
10005,e.ehernandez@motor.ph,10005,IT Operations and Systems
10006,e.avillanueva@motor.ph,10006,HR Manager
10007,e.bsanjose@motor.ph,10007,HR Team Leader
10008,e.aromualdez@motor.ph,10008,HR Rank and File
10009,e.ratienza@motor.ph,10009,HR Rank and File
10010,e.ralvaro@motor.ph,10010,Accounting Head
10011,e.asalcedo@motor.ph,10011,Payroll Manager
10012,e.jlopez@motor.ph,10012,Payroll Team Leader
10013,e.mfarala@motor.ph,10013,Payroll Rank and File
10014,e.lmartinez@motor.ph,10014,Payroll Rank and File
10015,e.fromualdez@motor.ph,10015,Account Manager
10016,e.cmata@motor.ph,10016,Account Team Leader
10017,e.sdeleon@motor.ph,10017,Account Team Leader
10018,e.asanjose@motor.ph,10018,Account Rank and File
10019,e.crosario@motor.ph,10019,Account Rank and File
10020,e.mbautista@motor.ph,10020,Account Rank and File
10021,e.dlazaro@motor.ph,10021,Account Rank and File
10022,e.kdelossantos@motor.ph,10022,Account Rank and File
10023,e.vsantos@motor.ph,10023,Account Rank and File
10024,e.tdelrosario@motor.ph,10024,Account Rank and File
10025,e.jtolentino@motor.ph,10025,Account Rank and File
10026,e.pgutierrez@motor.ph,10026,Account Rank and File
10027,e.gmanalysay@motor.ph,10027,Account Rank and File
10028,e.lvillegas@motor.ph,10028,Account Rank and File
10029,e.cramos@motor.ph,10029,Account Rank and File
10030,e.emaceda@motor.ph,10030,Account Rank and File
10031,e.daguilar@motor.ph,10031,Account Rank and File
10032,e.jcastro@motor.ph,10032,Sales & Marketing
10033,e.cmartinez@motor.ph,10033,Supply Chain and Logistics
10034,e.bsantos@motor.ph,10034,Customer Service and Relations